timestamp,low,open,close,high,volume,num_trades,price_outlier,volume_outlier
2022-01-01 00:00:00+00:00,46208.37,46216.93,46656.13,46731.39,1503.33,33254,False,False
2022-01-01 01:00:00+00:00,46574.06,46656.14,46778.14,46949.99,943.82,27484,False,False
2022-01-01 02:00:00+00:00,46721.96,46778.14,46811.77,46928.94,485.17,21615,False,False
2022-01-01 03:00:00+00:00,46760.12,46811.77,46813.2,46916.63,562.89,16974,False,False
2022-01-01 04:00:00+00:00,46591.23,46813.21,46711.05,46887.33,861.88,20138,False,False
2022-01-01 05:00:00+00:00,46673.94,46711.05,47192.55,47555.55,1400.74,35436,False,False
2022-01-01 06:00:00+00:00,46940.0,47192.56,46979.62,47324.42,613.98,20591,False,False
2022-01-01 07:00:00+00:00,46864.84,46979.61,47194.73,47255.85,646.2,21964,False,False
2022-01-01 08:00:00+00:00,47075.11,47194.73,47124.82,47344.69,532.45,20788,False,False
2022-01-01 09:00:00+00:00,46933.58,47124.82,47143.98,47215.56,541.32,22059,False,False
2022-01-01 10:00:00+00:00,46715.39,47143.98,46871.08,47298.75,923.02,28345,False,False
2022-01-01 11:00:00+00:00,46756.77,46871.09,46758.87,47007.73,732.89,23436,False,False
2022-01-01 12:00:00+00:00,46756.3,46758.87,47074.05,47150.48,582.15,21877,False,False
2022-01-01 13:00:00+00:00,46935.09,47074.05,47023.24,47199.67,454.14,20378,False,False
2022-01-01 14:00:00+00:00,46850.18,47023.24,46926.22,47100.0,503.66,19934,False,False
2022-01-01 15:00:00+00:00,46871.69,46920.01,47219.04,47491.14,1515.95,32214,False,False
2022-01-01 16:00:00+00:00,47186.07,47219.04,47268.62,47527.24,1049.58,29827,False,False
2022-01-01 17:00:00+00:00,47238.81,47268.61,47754.48,47954.63,1320.67,40791,False,False
2022-01-01 18:00:00+00:00,47420.0,47754.47,47560.55,47844.97,860.76,27612,False,False
2022-01-01 19:00:00+00:00,47292.72,47560.54,47329.78,47611.84,830.67,24193,False,False
2022-01-01 20:00:00+00:00,47250.18,47329.79,47391.82,47559.03,717.21,22439,False,False
2022-01-01 21:00:00+00:00,47268.79,47391.82,47319.67,47573.05,809.22,21587,False,False
2022-01-01 22:00:00+00:00,47222.22,47319.66,47440.74,47490.98,466.48,20904,False,False
2022-01-01 23:00:00+00:00,47277.77,47440.74,47722.65,47814.0,746.29,24447,False,False
2022-01-02 00:00:00+00:00,47381.12,47722.66,47625.3,47750.0,1082.51,26493,False,False
2022-01-02 01:00:00+00:00,47315.38,47625.29,47377.97,47641.83,465.75,19506,False,False
2022-01-02 02:00:00+00:00,47275.5,47377.97,47370.5,47449.56,452.39,19453,False,False
2022-01-02 03:00:00+00:00,47269.47,47370.49,47329.47,47467.11,387.25,16439,False,False
2022-01-02 04:00:00+00:00,46770.23,47329.47,46910.3,47415.73,1259.69,30796,False,False
2022-01-02 05:00:00+00:00,46832.08,46910.3,47081.28,47089.63,686.2,20776,False,False
2022-01-02 06:00:00+00:00,47011.24,47081.28,47122.61,47244.0,528.2,17239,False,False
2022-01-02 07:00:00+00:00,47087.62,47122.6,47173.45,47300.0,544.37,18066,False,False
2022-01-02 08:00:00+00:00,46970.05,47173.44,47222.4,47247.12,578.29,24740,False,False
2022-01-02 09:00:00+00:00,47144.12,47222.4,47273.24,47499.45,792.44,25982,False,False
2022-01-02 10:00:00+00:00,47140.3,47273.23,47188.89,47348.34,390.09,18619,False,False
2022-01-02 11:00:00+00:00,47159.57,47188.88,47235.5,47400.0,359.03,18483,False,False
2022-01-02 12:00:00+00:00,47013.5,47238.89,47292.95,47447.0,798.06,27980,False,False
2022-01-02 13:00:00+00:00,47090.0,47289.67,47137.35,47300.86,580.44,22379,False,False
2022-01-02 14:00:00+00:00,47020.0,47137.35,47112.55,47202.39,617.67,27883,False,False
2022-01-02 15:00:00+00:00,47071.27,47112.54,47340.47,47390.0,784.16,30393,False,False
2022-01-02 16:00:00+00:00,47273.64,47340.47,47792.3,47886.0,1367.57,39007,False,False
2022-01-02 17:00:00+00:00,47317.46,47792.29,47401.14,47990.0,1440.59,42436,False,False
2022-01-02 18:00:00+00:00,46654.0,47401.14,47058.12,47401.14,1852.34,45478,False,False
2022-01-02 19:00:00+00:00,46851.51,47056.43,46907.68,47217.1,937.39,26407,False,False
2022-01-02 20:00:00+00:00,46815.17,46907.67,47007.14,47050.0,570.22,21509,False,False
2022-01-02 21:00:00+00:00,46913.27,47007.14,47018.03,47187.98,432.6,18653,False,False
2022-01-02 22:00:00+00:00,47014.84,47017.98,47255.38,47398.99,683.72,23085,False,False
2022-01-02 23:00:00+00:00,47255.38,47255.39,47286.18,47469.34,749.48,20772,False,False
2022-01-03 00:00:00+00:00,47050.0,47286.18,47050.08,47289.11,734.12,24891,False,False
2022-01-03 01:00:00+00:00,46950.0,47050.09,47116.71,47138.78,628.06,20645,False,False
2022-01-03 02:00:00+00:00,46858.44,47116.22,46999.98,47116.71,781.71,24473,False,False
2022-01-03 03:00:00+00:00,46722.39,46999.98,46793.26,47084.8,850.44,24451,False,False
2022-01-03 04:00:00+00:00,46750.0,46793.27,46822.26,46944.77,688.5,19800,False,False
2022-01-03 05:00:00+00:00,46750.13,46822.26,47078.64,47211.09,918.62,22108,False,False
2022-01-03 06:00:00+00:00,46877.84,47078.64,46923.75,47100.0,596.63,18786,False,False
2022-01-03 07:00:00+00:00,46852.38,46923.75,47051.37,47080.0,635.23,21336,False,False
2022-01-03 08:00:00+00:00,46922.27,47051.36,46978.82,47135.97,684.64,24442,False,False
2022-01-03 09:00:00+00:00,46778.0,46978.81,46984.55,47109.25,987.07,28961,False,False
2022-01-03 10:00:00+00:00,46981.84,46984.56,47126.02,47251.19,1138.99,30864,False,False
2022-01-03 11:00:00+00:00,47125.48,47126.02,47378.0,47431.67,1451.69,33255,False,False
2022-01-03 12:00:00+00:00,47175.01,47378.0,47194.39,47570.0,1183.64,37797,False,False
2022-01-03 13:00:00+00:00,47127.51,47194.39,47153.5,47495.96,813.84,28118,False,False
2022-01-03 14:00:00+00:00,46765.0,47153.5,46874.53,47285.39,1711.43,42653,False,False
2022-01-03 15:00:00+00:00,46575.25,46874.53,46693.45,47018.0,1754.82,43822,False,False
2022-01-03 16:00:00+00:00,46263.29,46693.44,46482.34,46780.0,3415.75,67480,False,False
2022-01-03 17:00:00+00:00,46411.78,46482.34,46577.15,46790.0,1121.75,33831,False,False
2022-01-03 18:00:00+00:00,46412.99,46577.16,46472.73,46740.96,662.25,27595,False,False
2022-01-03 19:00:00+00:00,46360.0,46475.6,46360.01,46645.34,661.71,23941,False,False
2022-01-03 20:00:00+00:00,45696.0,46360.01,45922.0,46413.47,3127.5,59507,False,False
2022-01-03 21:00:00+00:00,45811.87,45922.01,45979.01,46260.44,1055.67,31106,False,False
2022-01-03 22:00:00+00:00,45961.59,45979.01,46217.9,46439.97,1002.7,33608,False,False
2022-01-03 23:00:00+00:00,46170.64,46217.91,46446.1,46576.94,1055.34,25465,False,False
2022-01-04 00:00:00+00:00,46150.0,46446.1,46244.37,46549.19,1055.75,33837,False,False
2022-01-04 01:00:00+00:00,46040.79,46244.37,46054.99,46404.94,771.65,26463,False,False
2022-01-04 02:00:00+00:00,45934.5,46054.99,46103.36,46268.72,1021.47,29796,False,False
2022-01-04 03:00:00+00:00,46001.23,46103.36,46313.97,46383.77,755.89,22758,False,False
2022-01-04 04:00:00+00:00,45996.26,46313.96,46100.14,46411.12,2070.66,38078,False,False
2022-01-04 05:00:00+00:00,46016.24,46100.14,46151.66,46292.15,869.6,23599,False,False
2022-01-04 06:00:00+00:00,46058.51,46148.23,46367.53,46390.04,1240.05,25213,False,False
2022-01-04 07:00:00+00:00,46322.09,46367.53,46550.0,46600.21,1554.04,32084,False,False
2022-01-04 08:00:00+00:00,46385.61,46549.99,46489.73,46682.06,1316.31,32325,False,False
2022-01-04 09:00:00+00:00,46300.0,46489.72,46356.21,46599.53,856.19,25065,False,False
2022-01-04 10:00:00+00:00,46300.0,46356.21,46625.37,46772.41,1162.39,29270,False,False
2022-01-04 11:00:00+00:00,46616.46,46625.37,46733.77,46765.05,1351.65,34607,False,False
2022-01-04 12:00:00+00:00,46479.25,46733.78,46641.53,46763.0,897.32,29215,False,False
2022-01-04 13:00:00+00:00,46410.0,46641.52,46955.22,47069.01,1511.88,42489,False,False
2022-01-04 14:00:00+00:00,46805.54,46955.22,47333.38,47500.1,3051.44,57919,False,False
2022-01-04 15:00:00+00:00,46850.05,47336.98,46925.35,47557.54,2605.26,53756,False,False
2022-01-04 16:00:00+00:00,46650.0,46925.34,46767.27,46925.35,1774.71,42911,False,False
2022-01-04 17:00:00+00:00,46522.91,46767.28,46555.01,46984.99,782.54,29357,False,False
2022-01-04 18:00:00+00:00,45500.0,46555.0,45750.0,46719.78,4580.41,71652,False,False
2022-01-04 19:00:00+00:00,45580.99,45750.01,46052.36,46454.86,2717.8,58886,False,False
2022-01-04 20:00:00+00:00,45957.52,46052.35,46264.92,46428.27,1111.32,29927,False,False
2022-01-04 21:00:00+00:00,46026.75,46264.92,46221.89,46322.89,713.52,22831,False,False
2022-01-04 22:00:00+00:00,45977.78,46221.89,46159.91,46262.39,671.32,25347,False,False
2022-01-04 23:00:00+00:00,45760.05,46159.91,45832.01,46159.91,1048.25,29125,False,False
2022-01-05 00:00:00+00:00,45722.21,45832.01,46271.57,46298.56,1006.8,30919,False,False
2022-01-05 01:00:00+00:00,46111.5,46271.56,46111.5,46333.22,726.21,23147,False,False
2022-01-05 02:00:00+00:00,46111.5,46111.5,46296.95,46390.15,639.23,21389,False,False
2022-01-05 03:00:00+00:00,46296.95,46296.96,46422.55,46549.0,662.4,22688,False,False
2022-01-05 04:00:00+00:00,46350.65,46422.56,46414.47,46527.39,508.72,18086,False,False
2022-01-05 05:00:00+00:00,46246.01,46419.0,46302.8,46419.0,494.64,18296,False,False
2022-01-05 06:00:00+00:00,46251.1,46302.79,46450.0,46466.65,608.84,19278,False,False
2022-01-05 07:00:00+00:00,46333.78,46450.0,46407.51,46490.2,572.84,20537,False,False
2022-01-05 08:00:00+00:00,46250.49,46407.5,46642.07,46681.61,961.44,25234,False,False
2022-01-05 09:00:00+00:00,46575.01,46636.78,46858.94,46949.0,1536.65,35314,False,False
2022-01-05 10:00:00+00:00,46697.79,46858.93,46818.5,47070.0,1629.78,35833,False,False
2022-01-05 11:00:00+00:00,46110.0,46818.5,46270.99,46869.25,1495.94,37866,False,False
2022-01-05 12:00:00+00:00,45803.67,46271.0,46229.99,46348.2,1882.06,44570,False,False
2022-01-05 13:00:00+00:00,46112.59,46229.99,46440.01,46466.66,1021.82,32255,False,False
2022-01-05 14:00:00+00:00,46150.35,46440.0,46689.52,46822.17,1923.99,47229,False,False
2022-01-05 15:00:00+00:00,46368.63,46689.52,46622.53,46822.16,1228.39,35378,False,False
2022-01-05 16:00:00+00:00,46282.05,46622.53,46301.62,46674.37,1014.14,29983,False,False
2022-01-05 17:00:00+00:00,46001.0,46301.62,46010.72,46469.66,1192.46,35623,False,False
2022-01-05 18:00:00+00:00,45550.0,46010.72,45919.92,46365.68,3668.5,68581,False,False
2022-01-05 19:00:00+00:00,44500.0,45919.93,44685.93,46118.85,7383.67,137612,False,False
2022-01-05 20:00:00+00:00,43722.54,44685.93,43967.01,44847.99,8054.81,145599,False,False
2022-01-05 21:00:00+00:00,43422.54,43967.01,43606.37,44331.42,3844.2,87220,False,False
2022-01-05 22:00:00+00:00,42500.0,43602.49,43437.05,43815.2,6856.64,184133,False,False
2022-01-05 23:00:00+00:00,43212.0,43437.04,43451.13,43709.12,2869.96,66070,False,False
2022-01-06 00:00:00+00:00,43261.62,43451.14,43680.94,43772.41,2221.25,48804,False,False
2022-01-06 01:00:00+00:00,43306.48,43680.94,43542.69,43816.0,1908.16,44147,False,False
2022-01-06 02:00:00+00:00,43150.05,43542.69,43259.54,43618.34,1450.04,38343,False,False
2022-01-06 03:00:00+00:00,42803.37,43259.55,42835.0,43310.69,2327.85,50507,False,False
2022-01-06 04:00:00+00:00,42600.05,42835.0,43029.73,43159.17,3057.28,57070,False,False
2022-01-06 05:00:00+00:00,42800.0,43029.73,43050.01,43246.37,1649.15,40800,False,False
2022-01-06 06:00:00+00:00,42902.65,43050.0,43102.28,43231.85,1265.55,34216,False,False
2022-01-06 07:00:00+00:00,42987.73,43102.28,43245.25,43275.8,1176.41,32508,False,False
2022-01-06 08:00:00+00:00,42900.0,43245.26,43055.41,43273.87,1527.53,41651,False,False
2022-01-06 09:00:00+00:00,42430.58,43055.42,42597.87,43089.86,2907.67,62879,False,False
2022-01-06 10:00:00+00:00,42568.22,42597.87,42878.88,42960.0,1969.47,48432,False,False
2022-01-06 11:00:00+00:00,42677.28,42878.87,42878.34,42974.21,1347.13,38318,False,False
2022-01-06 12:00:00+00:00,42632.44,42878.33,43062.76,43077.0,1642.33,43523,False,False
2022-01-06 13:00:00+00:00,42900.0,43062.77,43150.01,43200.0,1886.15,48635,False,False
2022-01-06 14:00:00+00:00,42761.9,43150.0,42805.5,43267.09,2175.96,52387,False,False
2022-01-06 15:00:00+00:00,42666.0,42805.5,42950.01,43019.71,1709.8,43064,False,False
2022-01-06 16:00:00+00:00,42725.09,42950.02,42882.22,43131.76,1684.49,38522,False,False
2022-01-06 17:00:00+00:00,42790.89,42882.23,43005.29,43175.66,1218.08,32159,False,False
2022-01-06 18:00:00+00:00,42982.05,43005.3,43369.04,43400.0,1267.02,35089,False,False
2022-01-06 19:00:00+00:00,43224.73,43369.04,43438.1,43508.78,1330.95,36971,False,False
2022-01-06 20:00:00+00:00,43111.57,43438.11,43221.5,43581.3,1292.41,34143,False,False
2022-01-06 21:00:00+00:00,43066.04,43221.5,43120.64,43253.29,779.82,24637,False,False
2022-01-06 22:00:00+00:00,43007.81,43120.63,43180.97,43236.73,528.19,22429,False,False
2022-01-06 23:00:00+00:00,43053.94,43180.96,43082.31,43241.41,557.7,19560,False,False
2022-01-07 00:00:00+00:00,42738.0,43082.3,42788.15,43145.83,1388.77,34368,False,False
2022-01-07 01:00:00+00:00,42785.56,42788.15,43008.9,43030.5,699.85,24887,False,False
2022-01-07 02:00:00+00:00,42771.59,43008.9,42799.13,43030.0,747.9,23396,False,False
2022-01-07 03:00:00+00:00,41577.77,42799.12,41803.11,42827.07,6273.85,112162,False,False
2022-01-07 04:00:00+00:00,41000.0,41803.11,41700.33,41909.23,6290.73,104467,False,False
2022-01-07 05:00:00+00:00,41524.94,41700.33,41851.33,41950.0,2331.61,49626,False,False
2022-01-07 06:00:00+00:00,41409.95,41851.33,41529.14,41853.19,1875.04,45784,False,False
2022-01-07 07:00:00+00:00,41206.9,41529.15,41706.71,41731.36,2325.13,50170,False,False
2022-01-07 08:00:00+00:00,41607.5,41706.71,42088.61,42883.47,3719.93,75481,False,False
2022-01-07 09:00:00+00:00,42060.0,42088.61,42422.56,42628.34,1591.99,41818,False,False
2022-01-07 10:00:00+00:00,42168.0,42422.57,42172.83,42533.43,1278.56,35559,False,False
2022-01-07 11:00:00+00:00,42161.0,42172.84,42258.62,42350.73,1036.73,30891,False,False
2022-01-07 12:00:00+00:00,42258.62,42258.62,42400.0,42500.0,975.52,30163,False,False
2022-01-07 13:00:00+00:00,41200.0,42400.0,41489.22,42766.17,5136.68,98680,False,False
2022-01-07 14:00:00+00:00,41398.13,41489.19,41894.4,42132.98,2577.29,57326,False,False
2022-01-07 15:00:00+00:00,40610.0,41894.4,41319.11,41915.36,5256.54,93107,False,False
2022-01-07 16:00:00+00:00,40917.66,41310.85,42135.26,42315.85,4909.63,90082,False,False
2022-01-07 17:00:00+00:00,41749.06,42137.38,41993.48,42166.86,1186.97,35953,False,False
2022-01-07 18:00:00+00:00,41520.0,41993.68,41707.64,42000.0,880.73,31839,False,False
2022-01-07 19:00:00+00:00,41516.0,41707.04,41775.38,41898.33,893.41,29877,False,False
2022-01-07 20:00:00+00:00,41597.15,41775.38,41922.2,42054.0,1109.53,29782,False,False
2022-01-07 21:00:00+00:00,41845.46,41922.19,41875.01,42035.0,596.35,21350,False,False
2022-01-07 22:00:00+00:00,41350.0,41875.0,41541.82,41879.42,973.41,31016,False,False
2022-01-07 23:00:00+00:00,41336.82,41541.83,41566.48,41599.92,780.35,23018,False,False
2022-01-08 00:00:00+00:00,41558.0,41566.48,41991.89,42115.2,1244.69,33215,False,False
2022-01-08 01:00:00+00:00,41847.48,41991.89,41883.41,42246.37,1168.12,27140,False,False
2022-01-08 02:00:00+00:00,41693.42,41883.42,41882.85,41944.44,623.26,22241,False,False
2022-01-08 03:00:00+00:00,41641.27,41882.86,41810.91,41911.86,510.17,20362,False,False
2022-01-08 04:00:00+00:00,41760.0,41810.92,41900.92,41991.2,471.07,19222,False,False
2022-01-08 05:00:00+00:00,41836.14,41900.92,41971.7,41999.99,517.64,18149,False,False
2022-01-08 06:00:00+00:00,41739.0,41971.7,41922.23,41994.66,625.31,21147,False,False
2022-01-08 07:00:00+00:00,41841.04,41922.22,41913.58,41975.44,521.47,21602,False,False
2022-01-08 08:00:00+00:00,41882.19,41913.59,41964.88,42177.94,947.16,28528,False,False
2022-01-08 09:00:00+00:00,41954.7,41964.87,42163.71,42187.2,860.35,23374,False,False
2022-01-08 10:00:00+00:00,41790.7,42163.71,41918.66,42200.0,839.12,27156,False,False
2022-01-08 11:00:00+00:00,41767.16,41918.66,41940.22,41972.0,674.68,23810,False,False
2022-01-08 12:00:00+00:00,41773.47,41940.22,41876.31,42063.23,744.97,25443,False,False
2022-01-08 13:00:00+00:00,41610.0,41876.32,41905.0,42037.75,1003.99,28531,False,False
2022-01-08 14:00:00+00:00,41715.0,41904.99,41741.27,41997.71,709.21,26987,False,False
2022-01-08 15:00:00+00:00,41400.0,41746.29,41613.33,41799.04,1713.01,47916,False,False
2022-01-08 16:00:00+00:00,41238.08,41609.6,41346.01,41740.53,1715.07,45501,False,False
2022-01-08 17:00:00+00:00,40801.0,41346.02,40842.12,41398.45,3416.25,75306,False,False
2022-01-08 18:00:00+00:00,40501.0,40842.11,40679.82,41314.11,4373.31,89176,False,False
2022-01-08 19:00:00+00:00,40520.0,40679.82,40831.07,41100.0,3045.11,64263,False,False
2022-01-08 20:00:00+00:00,40720.0,40831.06,40975.37,41175.32,1424.81,40840,False,False
2022-01-08 21:00:00+00:00,40923.39,40975.36,41769.03,42061.32,2802.29,59994,False,False
2022-01-08 22:00:00+00:00,41740.31,41769.03,41911.11,42300.0,2006.55,54366,False,False
2022-01-08 23:00:00+00:00,41656.02,41911.1,41679.74,41948.94,995.12,29164,False,False
2022-01-09 00:00:00+00:00,41388.13,41679.74,41773.24,41831.25,1485.82,36023,False,False
2022-01-09 01:00:00+00:00,41596.43,41773.24,41809.67,41924.57,883.66,25555,False,False
2022-01-09 02:00:00+00:00,41775.9,41809.66,42098.99,42170.11,1140.16,27812,False,False
2022-01-09 03:00:00+00:00,41792.0,42098.99,41833.89,42105.62,746.1,20996,False,False
2022-01-09 04:00:00+00:00,41800.78,41833.9,42079.41,42103.31,884.48,24070,False,False
2022-01-09 05:00:00+00:00,41715.44,42079.4,41765.9,42097.44,594.22,19770,False,False
2022-01-09 06:00:00+00:00,41681.17,41765.89,41873.62,41948.4,566.39,18519,False,False
2022-01-09 07:00:00+00:00,41778.95,41873.62,41791.51,41908.55,415.68,19743,False,False
2022-01-09 08:00:00+00:00,41615.32,41791.5,41666.67,41949.99,789.94,25591,False,False
2022-01-09 09:00:00+00:00,41470.34,41666.66,41510.01,41766.8,858.2,24660,False,False
2022-01-09 10:00:00+00:00,41410.0,41510.0,41644.7,41728.65,705.73,23417,False,False
2022-01-09 11:00:00+00:00,41642.54,41644.7,41857.62,41990.0,783.61,23726,False,False
2022-01-09 12:00:00+00:00,41665.46,41857.62,41746.98,41923.39,553.98,20559,False,False
2022-01-09 13:00:00+00:00,41469.48,41746.98,41470.0,41894.01,922.91,24852,False,False
2022-01-09 14:00:00+00:00,41469.99,41470.0,41535.93,41743.26,628.74,20676,False,False
2022-01-09 15:00:00+00:00,41200.02,41535.93,41621.11,41681.89,1262.2,31771,False,False
2022-01-09 16:00:00+00:00,41556.49,41621.11,42143.04,42146.25,1325.35,33848,False,False
2022-01-09 17:00:00+00:00,41880.01,42143.05,42094.59,42200.0,1198.07,34156,False,False
2022-01-09 18:00:00+00:00,41861.94,42094.48,41966.99,42279.0,1271.9,30571,False,False
2022-01-09 19:00:00+00:00,41928.01,41966.99,42695.26,42740.0,2007.34,47214,False,False
2022-01-09 20:00:00+00:00,42368.0,42695.27,42439.38,42786.7,1156.8,32426,False,False
2022-01-09 21:00:00+00:00,42286.67,42439.38,42300.0,42557.36,568.89,20065,False,False
2022-01-09 22:00:00+00:00,42080.01,42300.01,42205.37,42497.26,749.08,23179,False,False
2022-01-09 23:00:00+00:00,41766.43,42205.36,41864.62,42282.3,1225.17,29062,False,False
2022-01-10 00:00:00+00:00,41623.67,41864.62,41655.18,42037.05,1083.22,30631,False,False
2022-01-10 01:00:00+00:00,41601.0,41655.18,41815.32,41850.0,656.91,20898,False,False
2022-01-10 02:00:00+00:00,41711.95,41815.32,41927.71,41997.9,746.6,23704,False,False
2022-01-10 03:00:00+00:00,41852.49,41927.7,41967.59,41990.99,603.35,17441,False,False
2022-01-10 04:00:00+00:00,41925.61,41967.59,42187.22,42248.5,1026.66,25927,False,False
2022-01-10 05:00:00+00:00,41967.11,42187.22,42031.29,42230.84,641.97,18911,False,False
2022-01-10 06:00:00+00:00,41811.7,42031.3,41925.01,42048.63,823.6,21308,False,False
2022-01-10 07:00:00+00:00,41901.0,41925.01,42042.38,42149.31,723.86,21642,False,False
2022-01-10 08:00:00+00:00,41712.99,42042.38,41816.84,42116.61,997.45,29223,False,False
2022-01-10 09:00:00+00:00,41710.96,41808.96,41796.01,41937.41,709.98,22701,False,False
2022-01-10 10:00:00+00:00,41742.23,41796.01,41778.88,41986.0,628.09,24126,False,False
2022-01-10 11:00:00+00:00,41455.0,41778.88,41565.34,41793.85,1756.67,43250,False,False
2022-01-10 12:00:00+00:00,40916.98,41565.33,40930.0,41616.72,3223.68,56503,False,False
2022-01-10 13:00:00+00:00,40716.0,40930.01,40774.0,41057.52,2678.35,54092,False,False
2022-01-10 14:00:00+00:00,39650.0,40774.01,40786.57,41275.92,12877.43,195717,False,False
2022-01-10 15:00:00+00:00,40555.87,40786.57,40984.33,41200.0,3880.93,74275,False,False
2022-01-10 16:00:00+00:00,40850.03,40984.34,41904.4,41985.99,4663.47,82686,False,False
2022-01-10 17:00:00+00:00,40564.89,41904.4,41184.45,42121.63,5819.36,103139,False,False
2022-01-10 18:00:00+00:00,41118.36,41184.44,41604.58,41723.87,1816.05,43456,False,False
2022-01-10 19:00:00+00:00,41205.65,41604.58,41297.15,41698.07,1358.54,33105,False,False
2022-01-10 20:00:00+00:00,41158.99,41297.15,41714.72,41779.46,1245.44,33946,False,False
2022-01-10 21:00:00+00:00,41562.38,41716.81,41714.13,41985.0,1365.38,32379,False,False
2022-01-10 22:00:00+00:00,41500.0,41714.14,41604.98,41849.45,729.88,24447,False,False
2022-01-10 23:00:00+00:00,41503.56,41604.98,41822.49,41892.87,672.29,19717,False,False
2022-01-11 00:00:00+00:00,41583.43,41822.49,41593.7,41878.78,869.74,23890,False,False
2022-01-11 01:00:00+00:00,41544.64,41593.69,41928.82,42062.91,1240.96,28172,False,False
2022-01-11 02:00:00+00:00,41818.18,41928.82,42173.77,42400.01,1875.34,38772,False,False
2022-01-11 03:00:00+00:00,42056.8,42173.77,42277.98,42277.99,948.11,25826,False,False
2022-01-11 04:00:00+00:00,42123.03,42277.99,42304.65,42387.78,1170.51,27207,False,False
2022-01-11 05:00:00+00:00,42021.71,42304.65,42110.0,42315.79,897.64,22184,False,False
2022-01-11 06:00:00+00:00,41971.37,42110.0,42105.0,42232.68,990.31,22349,False,False
2022-01-11 07:00:00+00:00,42069.73,42104.99,42211.05,42280.0,824.67,21916,False,False
2022-01-11 08:00:00+00:00,41930.01,42212.21,41991.78,42627.66,2197.69,44849,False,False
2022-01-11 09:00:00+00:00,41843.13,41991.78,41984.8,42148.04,1058.94,26809,False,False
2022-01-11 10:00:00+00:00,41575.0,41984.79,41631.02,42066.61,1544.92,37213,False,False
2022-01-11 11:00:00+00:00,41584.86,41631.02,41809.99,41944.0,1271.08,32569,False,False
2022-01-11 12:00:00+00:00,41722.23,41809.99,41812.69,41956.45,946.89,28924,False,False
2022-01-11 13:00:00+00:00,41586.03,41812.7,41701.52,41899.0,1163.92,32470,False,False
2022-01-11 14:00:00+00:00,41268.93,41700.74,41642.0,41823.01,2261.46,49575,False,False
2022-01-11 15:00:00+00:00,41440.69,41639.51,41733.93,42200.0,2972.86,59215,False,False
2022-01-11 16:00:00+00:00,41680.44,41733.92,42705.24,42925.07,4848.73,89231,False,False
2022-01-11 17:00:00+00:00,42319.24,42705.24,42549.01,43100.0,4190.86,76744,False,False
2022-01-11 18:00:00+00:00,42353.07,42549.01,42755.0,42916.97,1416.65,37603,False,False
2022-01-11 19:00:00+00:00,42595.68,42754.99,42972.05,43086.7,1440.45,33658,False,False
2022-01-11 20:00:00+00:00,42692.19,42972.04,42800.38,43095.26,1219.6,30891,False,False
2022-01-11 21:00:00+00:00,42643.74,42797.62,42659.2,42823.69,702.1,21764,False,False
2022-01-11 22:00:00+00:00,42597.41,42664.71,42713.13,42776.14,561.86,20909,False,False
2022-01-11 23:00:00+00:00,42633.97,42713.12,42729.29,42886.28,681.14,20523,False,False
2022-01-12 00:00:00+00:00,42578.02,42729.29,42675.0,42965.0,1004.91,28912,False,False
2022-01-12 01:00:00+00:00,42562.2,42675.03,42626.05,42769.06,724.94,22874,False,False
2022-01-12 02:00:00+00:00,42450.0,42626.04,42559.33,42712.29,725.31,23001,False,False
2022-01-12 03:00:00+00:00,42494.72,42559.34,42605.02,42679.76,631.48,19488,False,False
2022-01-12 04:00:00+00:00,42518.97,42605.01,42629.9,42733.87,784.29,23027,False,False
2022-01-12 05:00:00+00:00,42560.0,42629.91,42705.51,42773.64,652.0,20936,False,False
2022-01-12 06:00:00+00:00,42600.01,42705.51,42675.55,42867.55,951.68,27468,False,False
2022-01-12 07:00:00+00:00,42463.13,42675.54,42561.67,42675.55,948.81,28321,False,False
2022-01-12 08:00:00+00:00,42508.69,42561.66,42603.51,42717.57,869.58,27713,False,False
2022-01-12 09:00:00+00:00,42565.99,42603.51,42796.83,42909.92,1281.03,33778,False,False
2022-01-12 10:00:00+00:00,42735.2,42796.84,42765.18,42990.01,1451.63,36876,False,False
2022-01-12 11:00:00+00:00,42683.21,42765.18,42935.92,43443.6,2646.33,57152,False,False
2022-01-12 12:00:00+00:00,42874.01,42935.92,43285.51,43301.5,2409.06,52807,False,False
2022-01-12 13:00:00+00:00,43187.6,43285.52,43920.97,44078.4,5227.41,92147,False,False
2022-01-12 14:00:00+00:00,43676.18,43920.96,43849.54,43957.0,2481.52,53026,False,False
2022-01-12 15:00:00+00:00,43401.01,43849.55,43560.29,43933.0,2155.48,52787,False,False
2022-01-12 16:00:00+00:00,43317.0,43560.29,43611.02,43688.5,1613.92,44939,False,False
2022-01-12 17:00:00+00:00,43481.73,43611.03,43841.57,43867.19,1161.08,33830,False,False
2022-01-12 18:00:00+00:00,43567.26,43841.56,43589.98,43886.26,1048.29,29698,False,False
2022-01-12 19:00:00+00:00,43526.3,43589.97,43743.11,43760.94,778.37,26051,False,False
2022-01-12 20:00:00+00:00,43629.39,43743.1,43819.17,43993.66,1258.23,28778,False,False
2022-01-12 21:00:00+00:00,43734.55,43819.16,43773.09,44322.0,1786.14,44108,False,False
2022-01-12 22:00:00+00:00,43742.97,43776.6,43842.95,43948.99,574.66,21993,False,False
2022-01-12 23:00:00+00:00,43817.35,43842.94,43902.66,44032.19,777.16,22214,False,False
2022-01-13 00:00:00+00:00,43670.0,43902.65,43720.0,44075.42,1234.17,30009,False,False
2022-01-13 01:00:00+00:00,43516.92,43720.0,43548.57,43808.88,992.53,28106,False,False
2022-01-13 02:00:00+00:00,43534.07,43548.58,43587.63,43684.28,615.46,21901,False,False
2022-01-13 03:00:00+00:00,43422.72,43587.62,43509.93,43646.87,1137.48,31342,False,False
2022-01-13 04:00:00+00:00,43483.2,43505.99,43623.02,43719.99,849.79,28919,False,False
2022-01-13 05:00:00+00:00,43579.36,43623.01,43662.68,43763.57,571.74,22623,False,False
2022-01-13 06:00:00+00:00,43642.94,43662.68,43708.42,43795.44,1073.36,26686,False,False
2022-01-13 07:00:00+00:00,43537.42,43708.42,43699.99,43764.98,836.92,26721,False,False
2022-01-13 08:00:00+00:00,43668.87,43699.99,43896.44,43898.33,1060.63,36609,False,False
2022-01-13 09:00:00+00:00,43740.01,43896.43,43883.0,43991.78,1022.26,30933,False,False
2022-01-13 10:00:00+00:00,43756.2,43883.0,43780.25,44014.51,1099.07,30285,False,False
2022-01-13 11:00:00+00:00,43500.0,43780.25,43602.31,43830.68,1425.69,35557,False,False
2022-01-13 12:00:00+00:00,43575.05,43603.58,43803.16,43811.0,768.8,26602,False,False
2022-01-13 13:00:00+00:00,43659.21,43803.16,43924.62,43939.0,1023.65,28001,False,False
2022-01-13 14:00:00+00:00,43840.28,43924.61,44154.52,44500.0,4866.89,73970,False,False
2022-01-13 15:00:00+00:00,42871.01,44154.52,43200.0,44211.0,4892.55,94997,False,False
2022-01-13 16:00:00+00:00,43070.42,43200.01,43250.89,43500.0,1782.99,44983,False,False
2022-01-13 17:00:00+00:00,42565.01,43250.92,42822.12,43255.04,2807.09,55440,False,False
2022-01-13 18:00:00+00:00,42628.38,42822.12,42709.29,42962.96,1040.6,29758,False,False
2022-01-13 19:00:00+00:00,42535.0,42709.29,42700.67,42896.81,1314.97,33477,False,False
2022-01-13 20:00:00+00:00,42311.22,42700.67,42796.18,42796.18,1918.72,38087,False,False
2022-01-13 21:00:00+00:00,42664.14,42796.18,42810.99,42879.76,871.73,23617,False,False
2022-01-13 22:00:00+00:00,42466.64,42810.99,42594.37,42888.18,770.26,25924,False,False
2022-01-13 23:00:00+00:00,42500.0,42597.02,42560.11,42771.94,933.52,25228,False,False
2022-01-14 00:00:00+00:00,42362.91,42558.35,42750.66,42784.0,1160.44,32065,False,False
2022-01-14 01:00:00+00:00,42541.81,42750.66,42581.12,42777.17,1138.08,23589,False,False
2022-01-14 02:00:00+00:00,42425.03,42581.12,42713.89,42728.08,1136.26,24884,False,False
2022-01-14 03:00:00+00:00,42572.02,42713.89,42623.87,42738.47,1100.14,22171,False,False
2022-01-14 04:00:00+00:00,42610.02,42623.87,42680.28,42880.0,937.36,24069,False,False
2022-01-14 05:00:00+00:00,42640.01,42679.0,42894.92,42905.15,871.33,23846,False,False
2022-01-14 06:00:00+00:00,42776.73,42895.0,42810.22,42978.1,961.01,27681,False,False
2022-01-14 07:00:00+00:00,42599.99,42810.22,42660.01,42886.58,1246.13,27625,False,False
2022-01-14 08:00:00+00:00,42244.37,42660.0,42519.99,42678.82,1845.45,39855,False,False
2022-01-14 09:00:00+00:00,42450.2,42519.99,42548.53,42688.84,1013.54,25613,False,False
2022-01-14 10:00:00+00:00,41916.73,42548.52,42075.29,42611.63,2117.99,44218,False,False
2022-01-14 11:00:00+00:00,41826.82,42075.29,42012.94,42075.71,2651.35,47847,False,False
2022-01-14 12:00:00+00:00,41725.95,42012.94,42057.26,42250.0,2023.38,40433,False,False
2022-01-14 13:00:00+00:00,42027.02,42057.26,42165.0,42321.23,1343.06,33520,False,False
2022-01-14 14:00:00+00:00,42117.81,42165.01,42975.88,43098.88,3013.09,56915,False,False
2022-01-14 15:00:00+00:00,42772.92,42975.89,43109.0,43347.42,2617.87,57848,False,False
2022-01-14 16:00:00+00:00,42863.0,43109.0,43201.06,43239.89,1549.42,37229,False,False
2022-01-14 17:00:00+00:00,42867.14,43201.06,42913.26,43270.96,1092.3,29530,False,False
2022-01-14 18:00:00+00:00,42777.0,42913.26,43050.04,43114.71,977.47,26561,False,False
2022-01-14 19:00:00+00:00,43004.16,43050.04,43077.93,43408.0,1012.44,29854,False,False
2022-01-14 20:00:00+00:00,43000.0,43077.93,43100.94,43189.86,624.57,23135,False,False
2022-01-14 21:00:00+00:00,43096.68,43100.94,43293.89,43448.78,831.62,26298,False,False
2022-01-14 22:00:00+00:00,43170.59,43296.29,43250.56,43393.75,714.79,22950,False,False
2022-01-14 23:00:00+00:00,43003.0,43250.56,43059.96,43286.7,661.8,23446,False,False
2022-01-15 00:00:00+00:00,42907.0,43059.96,43100.01,43174.0,776.17,25366,False,False
2022-01-15 01:00:00+00:00,42864.49,43100.0,42967.8,43150.0,712.2,22141,False,False
2022-01-15 02:00:00+00:00,42910.36,42967.8,43090.0,43090.0,659.7,21075,False,False
2022-01-15 03:00:00+00:00,42905.07,43089.99,42927.96,43121.05,825.13,21491,False,False
2022-01-15 04:00:00+00:00,42712.94,42927.95,42907.71,42961.46,1023.29,25710,False,False
2022-01-15 05:00:00+00:00,42820.68,42907.72,42985.96,43050.0,590.36,20543,False,False
2022-01-15 06:00:00+00:00,42873.53,42985.97,43068.4,43099.81,714.87,19915,False,False
2022-01-15 07:00:00+00:00,42928.78,43068.4,43088.12,43093.17,532.25,22233,False,False
2022-01-15 08:00:00+00:00,42956.0,43088.12,42983.95,43117.18,691.58,20335,False,False
2022-01-15 09:00:00+00:00,42884.01,42983.94,43061.7,43088.99,599.97,22313,False,False
2022-01-15 10:00:00+00:00,43002.02,43061.7,43096.75,43283.83,805.09,25508,False,False
2022-01-15 11:00:00+00:00,42958.67,43096.75,43017.59,43108.65,503.08,21881,False,False
2022-01-15 12:00:00+00:00,42555.0,43017.59,42715.56,43039.72,1441.46,39141,False,False
2022-01-15 13:00:00+00:00,42641.01,42715.57,42906.51,42973.28,846.44,28519,False,False
2022-01-15 14:00:00+00:00,42735.16,42906.51,43186.48,43315.0,1588.5,39500,False,False
2022-01-15 15:00:00+00:00,43077.79,43186.47,43401.21,43406.96,1104.14,29731,False,False
2022-01-15 16:00:00+00:00,43233.33,43401.21,43338.22,43430.98,1202.39,28646,False,False
2022-01-15 17:00:00+00:00,43251.61,43338.21,43383.26,43564.15,1662.49,35578,False,False
2022-01-15 18:00:00+00:00,43243.39,43383.26,43334.93,43391.11,992.47,26351,False,False
2022-01-15 19:00:00+00:00,43320.23,43334.92,43528.34,43554.79,712.83,22021,False,False
2022-01-15 20:00:00+00:00,43468.08,43528.33,43485.0,43800.0,1507.31,35046,False,False
2022-01-15 21:00:00+00:00,43160.23,43485.0,43296.72,43524.98,1085.45,25229,False,False
2022-01-15 22:00:00+00:00,43123.11,43296.72,43237.4,43398.4,627.41,22161,False,False
2022-01-15 23:00:00+00:00,43071.11,43237.39,43084.29,43375.0,731.46,20606,False,False
2022-01-16 00:00:00+00:00,42990.83,43084.29,43069.7,43117.5,772.87,24273,False,False
2022-01-16 01:00:00+00:00,42985.81,43069.69,42996.99,43153.63,405.42,18191,False,False
2022-01-16 02:00:00+00:00,42838.0,42996.99,42923.66,43087.18,1069.09,27107,False,False
2022-01-16 03:00:00+00:00,42861.49,42922.93,42977.22,43046.84,535.92,20954,False,False
2022-01-16 04:00:00+00:00,42850.16,42977.22,43023.02,43089.0,645.91,20382,False,False
2022-01-16 05:00:00+00:00,42953.17,43023.57,42958.69,43123.43,438.99,17957,False,False
2022-01-16 06:00:00+00:00,42925.88,42953.17,43200.0,43225.86,571.91,20659,False,False
2022-01-16 07:00:00+00:00,43117.24,43200.0,43202.21,43253.68,607.3,22963,False,False
2022-01-16 08:00:00+00:00,43059.99,43202.21,43070.27,43305.0,1312.7,38939,False,False
2022-01-16 09:00:00+00:00,43028.02,43070.26,43074.99,43131.37,1019.2,35800,False,False
2022-01-16 10:00:00+00:00,42868.31,43074.99,42899.99,43185.71,1172.95,27751,False,False
2022-01-16 11:00:00+00:00,42759.0,42900.0,42968.29,43042.67,1203.68,30687,False,False
2022-01-16 12:00:00+00:00,42954.16,42968.3,43005.93,43141.55,644.99,25280,False,False
2022-01-16 13:00:00+00:00,42581.79,43005.93,43129.54,43187.87,2260.54,43932,False,False
2022-01-16 14:00:00+00:00,43026.7,43129.54,43300.02,43416.05,1422.49,37075,False,False
2022-01-16 15:00:00+00:00,43139.24,43300.01,43219.53,43350.0,997.18,27983,False,False
2022-01-16 16:00:00+00:00,43172.01,43219.54,43381.45,43475.0,947.2,30124,False,False
2022-01-16 17:00:00+00:00,43051.08,43381.46,43071.88,43428.83,762.74,23914,False,False
2022-01-16 18:00:00+00:00,42969.32,43071.88,43066.8,43126.04,620.04,21230,False,False
2022-01-16 19:00:00+00:00,42790.02,43066.79,42824.79,43081.28,960.44,24183,False,False
2022-01-16 20:00:00+00:00,42750.25,42824.79,43029.01,43117.05,763.89,24119,False,False
2022-01-16 21:00:00+00:00,42900.7,43029.06,42951.01,43093.01,417.16,16307,False,False
2022-01-16 22:00:00+00:00,42940.0,42951.02,43190.01,43245.0,523.45,18363,False,False
2022-01-16 23:00:00+00:00,43048.2,43190.0,43071.66,43263.15,526.28,18167,False,False
2022-01-17 00:00:00+00:00,42871.65,43071.66,42891.12,43176.18,732.89,23320,False,False
2022-01-17 01:00:00+00:00,42810.0,42891.11,42894.05,42946.93,787.82,21762,False,False
2022-01-17 02:00:00+00:00,42785.85,42894.05,42918.6,43000.0,642.62,23383,False,False
2022-01-17 03:00:00+00:00,42624.11,42918.6,42647.4,42981.46,903.83,28632,False,False
2022-01-17 04:00:00+00:00,42601.0,42647.4,42622.99,42807.95,1238.0,37929,False,False
2022-01-17 05:00:00+00:00,42300.0,42622.99,42664.68,42699.0,1505.02,39583,False,False
2022-01-17 06:00:00+00:00,42643.58,42664.68,42748.92,42865.58,789.68,23520,False,False
2022-01-17 07:00:00+00:00,42643.0,42748.92,42656.03,42967.99,783.38,24879,False,False
2022-01-17 08:00:00+00:00,42567.93,42656.03,42790.35,42866.48,927.54,27068,False,False
2022-01-17 09:00:00+00:00,42726.81,42790.35,42838.94,42900.0,1080.5,33043,False,False
2022-01-17 10:00:00+00:00,42629.56,42838.94,42795.11,42894.99,774.14,28732,False,False
2022-01-17 11:00:00+00:00,42646.9,42795.11,42671.31,42842.79,739.07,24824,False,False
2022-01-17 12:00:00+00:00,42429.02,42671.3,42550.09,42793.16,1202.18,36741,False,False
2022-01-17 13:00:00+00:00,42500.18,42550.09,42646.38,42694.99,921.17,32286,False,False
2022-01-17 14:00:00+00:00,42553.82,42646.37,42661.71,42741.97,722.9,25640,False,False
2022-01-17 15:00:00+00:00,42385.0,42661.73,42477.66,42686.68,1332.14,36571,False,False
2022-01-17 16:00:00+00:00,42122.05,42477.67,42217.03,42538.47,2462.68,54801,False,False
2022-01-17 17:00:00+00:00,41950.0,42217.02,42110.83,42249.94,2484.09,52492,False,False
2022-01-17 18:00:00+00:00,41822.74,42110.84,42174.65,42299.0,2307.11,45560,False,False
2022-01-17 19:00:00+00:00,42095.69,42174.66,42238.31,42318.61,858.94,26861,False,False
2022-01-17 20:00:00+00:00,42013.12,42238.31,42083.47,42306.96,698.71,23654,False,False
2022-01-17 21:00:00+00:00,41609.78,42078.64,41724.2,42148.21,1463.11,38389,False,False
2022-01-17 22:00:00+00:00,41540.42,41724.19,42077.19,42392.66,1535.65,44925,False,False
2022-01-17 23:00:00+00:00,42049.38,42077.18,42201.62,42296.14,668.93,20699,False,False
2022-01-18 00:00:00+00:00,42129.97,42201.63,42361.8,42418.0,1131.74,29136,False,False
2022-01-18 01:00:00+00:00,42167.7,42361.8,42260.9,42436.66,1088.24,22303,False,False
2022-01-18 02:00:00+00:00,42142.85,42260.9,42272.03,42302.19,1166.28,28760,False,False
2022-01-18 03:00:00+00:00,41972.71,42272.04,42040.54,42298.47,1164.1,30494,False,False
2022-01-18 04:00:00+00:00,41886.25,42040.53,42033.75,42099.19,1440.3,31133,False,False
2022-01-18 05:00:00+00:00,41980.0,42033.75,42097.25,42191.02,986.84,23274,False,False
2022-01-18 06:00:00+00:00,42097.25,42097.25,42236.07,42337.3,619.18,23172,False,False
2022-01-18 07:00:00+00:00,41951.14,42236.07,42061.94,42276.38,1088.8,31026,False,False
2022-01-18 08:00:00+00:00,41639.51,42065.42,41718.73,42065.42,2003.03,50613,False,False
2022-01-18 09:00:00+00:00,41453.0,41718.73,41903.48,41990.93,2143.91,47190,False,False
2022-01-18 10:00:00+00:00,41829.21,41903.48,41924.72,42050.0,775.47,23856,False,False
2022-01-18 11:00:00+00:00,41694.54,41924.73,41854.14,41930.0,1100.87,29180,False,False
2022-01-18 12:00:00+00:00,41628.29,41854.13,41807.52,41950.0,866.78,27847,False,False
2022-01-18 13:00:00+00:00,41400.0,41807.52,41654.09,41842.84,1490.11,38841,False,False
2022-01-18 14:00:00+00:00,41250.0,41654.1,41449.34,41689.39,2059.22,50958,False,False
2022-01-18 15:00:00+00:00,41320.81,41449.34,41587.27,41842.96,1864.51,42927,False,False
2022-01-18 16:00:00+00:00,41381.66,41587.26,41706.66,41799.08,1248.54,35194,False,False
2022-01-18 17:00:00+00:00,41470.0,41710.84,41489.04,41737.38,906.15,28545,False,False
2022-01-18 18:00:00+00:00,41385.79,41489.04,41607.37,41672.01,929.01,28730,False,False
2022-01-18 19:00:00+00:00,41585.0,41607.36,41699.61,41770.8,683.75,21734,False,False
2022-01-18 20:00:00+00:00,41500.99,41695.59,41784.27,41784.97,729.05,22031,False,False
2022-01-18 21:00:00+00:00,41715.2,41784.97,42369.92,42484.08,2007.79,44920,False,False
2022-01-18 22:00:00+00:00,42229.35,42369.92,42480.96,42691.0,1058.92,32455,False,False
2022-01-18 23:00:00+00:00,42334.88,42480.96,42352.12,42560.91,771.51,20607,False,False
2022-01-19 00:00:00+00:00,42163.02,42352.12,42252.73,42482.51,895.72,23495,False,False
2022-01-19 01:00:00+00:00,42246.32,42246.51,42420.18,42458.87,887.63,19248,False,False
2022-01-19 02:00:00+00:00,42291.31,42420.17,42333.81,42500.0,677.01,20172,False,False
2022-01-19 03:00:00+00:00,41582.99,42340.23,41706.41,42341.56,2078.03,43666,False,False
2022-01-19 04:00:00+00:00,41587.53,41706.41,41712.02,41807.97,1173.44,26834,False,False
2022-01-19 05:00:00+00:00,41651.09,41712.01,41762.55,41809.72,954.75,20769,False,False
2022-01-19 06:00:00+00:00,41674.98,41765.99,41710.59,41849.94,713.09,20313,False,False
2022-01-19 07:00:00+00:00,41161.2,41710.59,41287.1,41710.59,1996.21,47960,False,False
2022-01-19 08:00:00+00:00,41138.56,41287.1,41368.68,41400.0,1604.63,39421,False,False
2022-01-19 09:00:00+00:00,41324.67,41368.68,41573.59,41672.39,1248.91,30134,False,False
2022-01-19 10:00:00+00:00,41290.0,41573.59,41505.53,41616.52,1348.85,30338,False,False
2022-01-19 11:00:00+00:00,41498.42,41509.06,42033.0,42178.48,2283.18,49652,False,False
2022-01-19 12:00:00+00:00,41893.62,42033.0,42094.99,42272.71,1326.29,35375,False,False
2022-01-19 13:00:00+00:00,42000.0,42094.99,42191.85,42332.07,1585.17,38803,False,False
2022-01-19 14:00:00+00:00,42057.19,42191.85,42495.38,42559.13,2215.92,47694,False,False
2022-01-19 15:00:00+00:00,41832.13,42495.38,41981.27,42532.65,2091.33,48655,False,False
2022-01-19 16:00:00+00:00,41697.46,41981.27,41912.76,42052.48,1519.92,41853,False,False
2022-01-19 17:00:00+00:00,41900.84,41912.77,42151.01,42355.9,2177.73,45106,False,False
2022-01-19 18:00:00+00:00,41876.58,42151.0,42005.0,42235.04,908.24,27858,False,False
2022-01-19 19:00:00+00:00,41746.23,42005.0,41873.79,42049.36,851.45,26709,False,False
2022-01-19 20:00:00+00:00,41548.0,41872.45,41631.4,41961.51,1063.83,28524,False,False
2022-01-19 21:00:00+00:00,41627.25,41629.35,41712.22,41841.07,794.86,21949,False,False
2022-01-19 22:00:00+00:00,41637.63,41712.22,41976.88,41993.98,703.17,20796,False,False
2022-01-19 23:00:00+00:00,41635.24,41976.89,41660.01,41989.42,586.38,19759,False,False
2022-01-20 00:00:00+00:00,41639.88,41660.0,41828.24,41860.55,725.51,21499,False,False
2022-01-20 01:00:00+00:00,41655.82,41828.23,41769.99,41877.55,883.34,26257,False,False
2022-01-20 02:00:00+00:00,41766.69,41770.0,41983.27,42068.91,862.98,26658,False,False
2022-01-20 03:00:00+00:00,41880.07,41983.26,41924.97,42082.26,769.11,22169,False,False
2022-01-20 04:00:00+00:00,41861.02,41924.97,41884.17,41989.3,780.74,21409,False,False
2022-01-20 05:00:00+00:00,41768.48,41884.17,41879.2,41948.96,946.49,26862,False,False
2022-01-20 06:00:00+00:00,41871.1,41879.19,42009.07,42052.11,1209.73,23540,False,False
2022-01-20 07:00:00+00:00,41930.77,42009.08,42058.31,42148.0,665.61,21290,False,False
2022-01-20 08:00:00+00:00,41874.57,42058.31,41966.58,42084.91,592.15,21388,False,False
2022-01-20 09:00:00+00:00,41807.94,41969.55,42053.53,42085.0,831.49,22614,False,False
2022-01-20 10:00:00+00:00,42004.39,42053.54,42105.29,42149.39,888.07,22814,False,False
2022-01-20 11:00:00+00:00,42045.05,42103.87,42129.44,42232.76,837.12,25797,False,False
2022-01-20 12:00:00+00:00,41900.05,42129.45,42033.76,42131.71,1141.58,30176,False,False
2022-01-20 13:00:00+00:00,41970.19,42033.77,42375.14,42466.88,1980.38,39220,False,False
2022-01-20 14:00:00+00:00,42368.77,42374.09,42969.66,43060.0,3692.57,65096,False,False
2022-01-20 15:00:00+00:00,42936.91,42969.67,43308.69,43456.0,4058.17,75078,False,False
2022-01-20 16:00:00+00:00,43144.84,43308.7,43274.78,43505.0,2473.72,49816,False,False
2022-01-20 17:00:00+00:00,42985.54,43274.77,43025.85,43307.48,1396.99,31612,False,False
2022-01-20 18:00:00+00:00,42805.0,43025.85,42834.19,43090.04,1259.69,27924,False,False
2022-01-20 19:00:00+00:00,42808.55,42834.19,42917.32,43241.38,1365.17,32247,False,False
2022-01-20 20:00:00+00:00,42571.22,42917.31,42723.71,42996.64,1482.97,30059,False,False
2022-01-20 21:00:00+00:00,41309.0,42723.72,41326.04,42730.9,4756.0,81106,False,False
2022-01-20 22:00:00+00:00,40860.0,41326.04,41167.25,41543.47,4147.2,90700,False,False
2022-01-20 23:00:00+00:00,40553.31,41164.57,40680.91,41176.93,4583.55,74276,False,False
2022-01-21 00:00:00+00:00,40404.0,40680.92,40894.8,41100.0,3247.35,61695,False,False
